<?xml version="1.0" encoding="UTF-8" standalone="no"?>
<LifeFlowDataSetConfigFile>
   <RawDataParameter>
      <unitOfRecord value="record"/>
      <unitOfRecordPlural value="records"/>
      <categoryLookUp>
         <Category>
            <name value="Opponent Offense"/>
            <color alpha="255" b="fa" g="8f" r="85"/>
            <shapeName value="Square"/>
         </Category>
         <Category>
            <name value="CHICAGO Offense"/>
            <color alpha="255" b="6a" g="6c" r="fa"/>
            <shapeName value="Square"/>
         </Category>
         <Category>
            <name value="Defensive Rebound"/>
            <color alpha="255" b="0" g="0" r="0"/>
            <shapeName value="Triangle"/>
         </Category>
         <Category>
            <name value="Offensive Rebound"/>
            <color alpha="255" b="0" g="0" r="0"/>
            <shapeName value="Triangle"/>
         </Category>
         <Category>
            <name value="Made Shot - 2"/>
            <color alpha="255" b="6" g="99" r="d"/>
            <shapeName value="Triangle"/>
         </Category>
         <Category>
            <name value="Made Shot - 3"/>
            <color alpha="255" b="6" g="99" r="d"/>
            <shapeName value="Triangle"/>
         </Category>
         <Category>
            <name value="Missed Shot - 2"/>
            <color alpha="255" b="3" g="0" r="99"/>
            <shapeName value="Triangle"/>
         </Category>
         <Category>
            <name value="Missed Shot - 3"/>
            <color alpha="255" b="3" g="0" r="99"/>
            <shapeName value="Triangle"/>
         </Category>
         <Category>
            <name value="Steal"/>
            <color alpha="255" b="18" g="6f" r="ff"/>
            <shapeName value="Triangle"/>
         </Category>
         <Category>
            <name value="Timeout"/>
            <color alpha="255" b="82" g="7d" r="80"/>
            <shapeName value="Triangle"/>
         </Category>
         <Category>
            <name value="Turnover"/>
            <color alpha="255" b="19" g="fa" r="ec"/>
            <shapeName value="Triangle"/>
         </Category>
         <Category>
            <name value="Foul"/>
            <color alpha="255" b="cf" g="0" r="75"/>
            <shapeName value="Triangle"/>
         </Category>
         <Category>
            <name value="Block"/>
            <color alpha="255" b="19" g="50" r="6e"/>
            <shapeName value="Triangle"/>
         </Category>
         <Category>
            <name value="Made Free Throw"/>
            <color alpha="255" b="3c" g="fa" r="4d"/>
            <shapeName value="Triangle"/>
         </Category>
         <Category>
            <name value="Missed Free Throw"/>
            <color alpha="255" b="57" g="4d" r="ef"/>
            <shapeName value="Triangle"/>
         </Category>
         <Category>
            <name value="End of Period"/>
            <color alpha="255" b="87" g="5" r="c"/>
            <shapeName value="Triangle"/>
         </Category>
         <Category>
            <name value="Jump Ball"/>
            <color alpha="255" b="87" g="5" r="c"/>
            <shapeName value="Triangle"/>
         </Category>
         <Category>
            <name value="Dead Ball"/>
            <color alpha="255" b="87" g="5" r="c"/>
            <shapeName value="Triangle"/>
         </Category>
      </categoryLookUp>
   </RawDataParameter>
   <LifeLines2Parameter>
      <showSelectedInstancesOnTop value="true"/>
      <layoutParam>
         <headerOffset value="30"/>
         <gapBetweenGroup value="0"/>
         <groupPaddingBottom value="0"/>
         <groupPaddingTop value="0"/>
         <minInstanceHeight value="20"/>
         <instancePaddingBottom value="2"/>
         <instancePaddingTop value="2"/>
         <eventRowHeight value="11"/>
         <gapBetweenEventRows value="10"/>
      </layoutParam>
      <painterParam>
         <categoryLabelVisible value="true"/>
      </painterParam>
      <activeCategories>
         <Category name="Opponent Offense"/>
         <Category name="CHICAGO Offense"/>
         <Category name="Defensive Rebound"/>
         <Category name="Offensive Rebound"/>
         <Category name="Made Shot - 2"/>
         <Category name="Made Shot - 3"/>
         <Category name="Missed Shot - 2"/>
         <Category name="Missed Shot - 3"/>
         <Category name="Steal"/>
         <Category name="Timeout"/>
         <Category name="Turnover"/>
         <Category name="Foul"/>
         <Category name="Block"/>
         <Category name="Made Free Throw"/>
         <Category name="Missed Free Throw"/>
         <Category name="End of Period"/>
         <Category name="Jump Ball"/>
         <Category name="Dead Ball"/>
      </activeCategories>
   </LifeLines2Parameter>
   <LifeFlowParameter>
      <preprocessParam>
         <activeCategories>
            <Category name="Opponent Offense"/>
            <Category name="CHICAGO Offense"/>
            <Category name="Defensive Rebound"/>
            <Category name="Offensive Rebound"/>
            <Category name="Made Shot - 2"/>
            <Category name="Made Shot - 3"/>
            <Category name="Missed Shot - 2"/>
            <Category name="Missed Shot - 3"/>
            <Category name="Steal"/>
            <Category name="Timeout"/>
            <Category name="Turnover"/>
            <Category name="Foul"/>
            <Category name="Block"/>
            <Category name="Made Free Throw"/>
            <Category name="Missed Free Throw"/>
            <Category name="End of Period"/>
            <Category name="Jump Ball"/>
            <Category name="Dead Ball"/>
         </activeCategories>
      </preprocessParam>
      <treeBuilderParam>
         <mergeRepeatEvents value="false"/>
         <activeAttributes/>
      </treeBuilderParam>
      <plotterParam>
         <mode value="ENCODE_BOTH_XY"/>
         <representativeTime value="MEAN"/>
         <overlapEdgeBehindParentNode value="true"/>
         <alignmentLineWidth value="5.0"/>
         <attributeNodeWidth value="30.0"/>
         <eventNodeWidth value="7.0"/>
         <endNodeWidth value="3.0"/>
         <minimumEdgeWidth value="3.0"/>
         <hGapBetweenEdgeAndParentNode value="0.0"/>
         <hGapBetweenEdgeAndChildNode value="0.0"/>
         <hGapBeforeEndNode value="0.0"/>
         <vGapBetweenSequences value="0.2"/>
         <hSafetyPixels value="10.0"/>
      </plotterParam>
      <pinpointerParam>
         <leftPadding value="5.0"/>
         <rightPadding value="5.0"/>
         <topPadding value="5.0"/>
         <bottomPadding value="5.0"/>
      </pinpointerParam>
      <painterParam>
         <edgeColor alpha="255" b="eb" g="eb" r="eb"/>
         <coverOffset value="10.0"/>
         <distributionNodeWidth value="4.0"/>
         <showDistribution value="true"/>
         <fillEdgeWithPreviousEventColor value="false"/>
         <groupDistributionByNextEvent value="false"/>
         <sortDistributionBy value="TIME_TO_PREVIOUS_EVENT"/>
      </painterParam>
   </LifeFlowParameter>
</LifeFlowDataSetConfigFile>
